{
    "data": {
        "banner": {
            "context": {
                "currentTime": 1538014774
            },
            "isEnd": true,
            "list": [
                {
                    "title": "情暖中国年",
                    "targetObjectId": null,
                    "actionType": "3",
                    "appModuleId": 39,
                    "appModuleObjectId": 4099,
                    "openUrl": "userPage/4730/",
                    "picUrl": "https://img.yilingshop.com/upload/1/2021/1/28/f0583074-b99a-404f-83aa-3dc4f17336ce.jpg",
                    "productLapp": null
                },
                {
                    "title": "爆珠",
                    "targetObjectId": null,
                    "actionType": "3",
                    "appModuleId": 39,
                    "appModuleObjectId": 4100,
                    "openUrl": "/pages/list/index?keyword=爆珠",
                    "picUrl": "https://img.yilingshop.com/upload/1/2020/11/27/9de47188-2368-45eb-8098-4f64255cd23d.jpg",
                    "productLapp": null
                },
                {
                    "title": "凝胶",
                    "targetObjectId": null,
                    "actionType": "3",
                    "appModuleId": 39,
                    "appModuleObjectId": 4101,
                    "openUrl": "/pages/list/index?keyword=凝胶",
                    "picUrl": "https://img.yilingshop.com/upload/1/2021/7/21/9bde72b4-a0ba-4016-a75b-bf9982cd1d1f.jpg",
                    "productLapp": null
                },
                {
                    "title": "络参酒",
                    "targetObjectId": null,
                    "actionType": "3",
                    "appModuleId": 39,
                    "appModuleObjectId": 4102,
                    "openUrl": "/pages/list/index?keyword=络参酒",
                    "picUrl": "https://img.yilingshop.com/upload/1/2021/7/21/e17503f3-6f81-47c0-860a-92e0a42a3c1c.jpg",
                    "productLapp": null
                },
                {
                    "title": "七夕",
                    "targetObjectId": null,
                    "actionType": "3",
                    "appModuleId": 39,
                    "appModuleObjectId": 4103,
                    "openUrl": "/userPage/4788/",
                    "picUrl": "https://img.yilingshop.com/upload/1/2021/8/9/a1bdf4c9-6966-446d-877b-81d32a0a14b6.jpg",
                    "productLapp": null
                }
            ],
            "nextPage": 1
        },
        "dKeyword": {
            "context": {
                "currentTime": 1538014774
            },
            "isEnd": true,
            "list": [
                {
                    "acm": "3.mce.2_10_1ag5u.6348.0.ccy5br4OlfK0P.pos_0-m_243725-sd_119",
                    "defaultKeyWord": "\u5957\u88c5"
                }
            ],
            "nextPage": 1
        },
        "keywords": {
            "context": {
                "currentTime": 1538014774
            },
            "isEnd": true,
            "list": [
                {
                    "acm": "3.mce.2_10_185r2.5868.0.ccy5br4OlfK1Y.pos_0-m_190323-sd_119",
                    "is_red": "1",
                    "words": "\u8fde\u8863\u88d9"
                },
                {
                    "acm": "3.mce.2_10_185r4.5868.0.ccy5br4OlfK1Z.pos_1-m_190324-sd_119",
                    "is_red": "0",
                    "words": "\u5c0f\u767d\u978b"
                },
                {
                    "acm": "3.mce.2_10_185r6.5868.0.ccy5br4OlfK10.pos_2-m_190325-sd_119",
                    "is_red": "1",
                    "words": "\u7701\u5fc3\u5957\u88c5"
                },
                {
                    "acm": "3.mce.2_10_185r8.5868.0.ccy5br4OlfK11.pos_3-m_190326-sd_119",
                    "is_red": "0",
                    "words": "\u788e\u82b1\u8fde\u8863\u88d9"
                },
                {
                    "acm": "3.mce.2_10_185ra.5868.0.ccy5br4OlfK12.pos_4-m_190327-sd_119",
                    "is_red": "1",
                    "words": "\u660e\u661f\u540c\u6b3e"
                },
                {
                    "acm": "3.mce.2_10_185rc.5868.0.ccy5br4OlfK13.pos_5-m_190328-sd_119",
                    "is_red": "1",
                    "words": "\u9ad8\u8ddf\u978b"
                },
                {
                    "acm": "3.mce.2_10_185re.5868.0.ccy5br4OlfK14.pos_6-m_190329-sd_119",
                    "is_red": "0",
                    "words": "\u7f8e\u5986"
                },
                {
                    "acm": "3.mce.2_10_185rg.5868.0.ccy5br4OlfK15.pos_7-m_190330-sd_119",
                    "is_red": "1",
                    "words": "\u58a8\u955c"
                }
            ],
            "nextPage": 1
        },
        "recommend": {
            "context": {
                "currentTime": 1538014774
            },
            "isEnd": true,
            "list": [
                {
                    "acm": "3.mce.2_10_1dggc.13730.0.ccy5br4OlfK0U.pos_0-m_313898-sd_119",
                    "image": "https://s10.mogucdn.com/mlcdn/c45406/180913_036dli57aah85cb82l1jj722g887g_225x225.png",
                    "link": "http://act.meilishuo.com/10dianlingquan?acm=3.mce.2_10_1dggc.13730.0.ccy5br4OlfK0U.pos_0-m_313898-sd_119",
                    "sort": 1,
                    "title": "\u5341\u70b9\u62a2\u5238"
                },
                {
                    "acm": "3.mce.2_10_1dgge.13730.0.ccy5br4OlfK0V.pos_1-m_313899-sd_119",
                    "image": "https://s10.mogucdn.com/mlcdn/c45406/180913_25e804lk773hdk695c60cai492111_225x225.png",
                    "link": "https://act.mogujie.com/tejiazhuanmai09?acm=3.mce.2_10_1dgge.13730.0.ccy5br4OlfK0V.pos_1-m_313899-sd_119",
                    "sort": 2,
                    "title": "\u597d\u7269\u7279\u5356"
                },
                {
                    "acm": "3.mce.2_10_1b610.13730.0.ccy5br4OlfK0W.pos_2-m_260486-sd_119",
                    "image": "https://s10.mogucdn.com/mlcdn/c45406/180913_387kgl3j21ff29lh04181iek48a6h_225x225.png",
                    "link": "http://act.meilishuo.com/neigouful001?acm=3.mce.2_10_1b610.13730.0.ccy5br4OlfK0W.pos_2-m_260486-sd_119",
                    "sort": 3,
                    "title": "\u5185\u8d2d\u798f\u5229"
                },
                {
                    "acm": "3.mce.2_10_1dggg.13730.0.ccy5br4OlfK0X.pos_3-m_313900-sd_119",
                    "image": "https://s10.mogucdn.com/mlcdn/c45406/180913_8d4e5adi8llg7c47lgh2291akiec7_225x225.png",
                    "link": "http://act.meilishuo.com/wap/yxzc1?acm=3.mce.2_10_1dggg.13730.0.ccy5br4OlfK0X.pos_3-m_313900-sd_119",
                    "sort": 4,
                    "title": "\u521d\u79cb\u4e0a\u65b0"
                }
            ],
            "nextPage": 1
        }
    },
    "returnCode": "SUCCESS",
    "success": true
}