{
    "result": {
        "receiverAddr": {
            "zoneNm": "东城区",
            "mobileAreaCode": "",
            "addressPath": "-中国-北京-北京市-东城区",
            "sysUserId": 56909,
            "mobileAreaId": null,
            "addr": "北京北京市东城区东直门街道 北京市东城区东直门东方银座c座25层f室",
            "mobile": "18701466386",
            "zoneId": 31004,
            "receiveAddrId": 4255,
            "zipcode": "",
            "tel": "",
            "isDefault": "Y",
            "name": "张静钱"
        },
        "freightTotalAmount": 0.0,
        "allCartNum": 39,
        "allProductTotalAmount": 4984.2,
        "allOrderTotalAmount": 3568.32,
        "selectCartNum": 39,
        "allDiscount": -1415.88,
        "allObtainTotalIntegral": 4984.0,
        "unSupportCodNum": 0,
        "unSupportDeliveryItemKeys": [],
        "isSelectAll": true,
        "shoppingCartVos": [
            {
                "shopInfId": 14,
                "productTotalAmount": 4336.2,
                "freightAmount": 0.0,
                "orderTotalAmount": 2920.32,
                "orgId": 15,
                "cod": false,
                "items": [
                    {
                        "productId": 74213,
                        "marketPrice": 38.8,
                        "productTotalAmount": 239.2,
                        "skuId": 113801,
                        "quantity": 8,
                        "productUnitPrice": 29.9,
                        "obtainIntegral": 239.2,
                        "isPresent": false,
                        "promotionType": "0",
                        "isGroupBuy": false,
                        "itemSelected": true,
                        "itemKey": "e681041d-045d-4f3b-adab-6817aa4682da",
                        "image": "https://img.yilingshop.com/upload/15/2021/3/31/7941d759-465f-4547-bbcb-b997d81ef410_120X120.jpg",
                        "presents": [],
                        "supportDelivery": true,
                        "totalCostAmount": 74.16,
                        "combos": [],
                        "unitCostAmount": 9.27,
                        "isRedemption": false,
                        "isIntegral": false,
                        "useTotalIntegral": 0.0,
                        "useUnitIntegral": 0.0,
                        "specName": "",
                        "name": "2件85折】以岭 连花泡沫抑菌洗手液 300ml 连花抑菌 洗护 防护 抑菌防护 连花防护"
                    },
                    {
                        "productId": 72277,
                        "marketPrice": 307.0,
                        "productTotalAmount": 440.0,
                        "skuId": 111745,
                        "quantity": 2,
                        "productUnitPrice": 220.0,
                        "obtainIntegral": 440.0,
                        "isPresent": false,
                        "promotionType": "0",
                        "isGroupBuy": false,
                        "itemSelected": true,
                        "itemKey": "947434d4-c1ad-4239-8525-fd61126e1408",
                        "image": "https://img.yilingshop.com/upload/15/2020/12/24/9a2b3db8-16e9-49f9-a529-9b09323e62c6_120X120.jpg",
                        "presents": [],
                        "supportDelivery": true,
                        "totalCostAmount": 140.0,
                        "combos": [],
                        "unitCostAmount": 70.0,
                        "isRedemption": false,
                        "isIntegral": false,
                        "useTotalIntegral": 0.0,
                        "useUnitIntegral": 0.0,
                        "specName": "",
                        "name": "2箱220元】以岭 五常大米稻花香米5KG盒装 五常大米 米 新旧包装随机发货"
                    },
                    {
                        "productId": 74879,
                        "marketPrice": 160.0,
                        "productTotalAmount": 3657.0,
                        "skuId": 114470,
                        "quantity": 23,
                        "productUnitPrice": 159.0,
                        "obtainIntegral": 3657.0,
                        "isPresent": false,
                        "promotionType": "0",
                        "isGroupBuy": false,
                        "itemSelected": true,
                        "itemKey": "ee404f91-b969-4ce7-88c0-45a9dcb8b921",
                        "image": "https://img.yilingshop.com/upload/15/2021/8/17/0f4eb8a8-d80e-4288-a453-34c1fed1bcec_120X120.jpg",
                        "presents": [],
                        "supportDelivery": true,
                        "totalCostAmount": 0.0,
                        "combos": [],
                        "unitCostAmount": 0.0,
                        "isRedemption": false,
                        "isIntegral": false,
                        "useTotalIntegral": 0.0,
                        "useUnitIntegral": 0.0,
                        "specName": "",
                        "name": "下单享立减159减60元 单品包邮】以岭 连花空气消毒凝胶100g  新旧包装更替 以收到实物为准 连花凝胶"
                    }
                ],
                "deliveryRuleId": null,
                "shopNm": "以岭健康科技有限公司",
                "selectedCartItemNum": 33,
                "discountDetails": [
                    {
                        "couponId": null,
                        "totalAmount": -35.88,
                        "skuId": null,
                        "ruleType": "0",
                        "endTimeStr": null,
                        "businessRuleId": 2605,
                        "amountTypeCode": "0",
                        "obtainIntegral": null,
                        "num": 8,
                        "unitPrice": -35.88,
                        "discountType": "2",
                        "skuDiscountRuleId": null,
                        "miniBuyNum": null,
                        "amountNm": "泡沫抑菌洗手液 2件85折",
                        "isNeedPayment": true,
                        "originalUnitPrice": null,
                        "remainStock": null,
                        "needPayment": true,
                        "installmentFee": false,
                        "limitBuy": null,
                        "isSpecialPrice": false,
                        "originalStock": null,
                        "endTime": null,
                        "currency": "CNY",
                        "startTime": null
                    },
                    {
                        "couponId": null,
                        "totalAmount": -1380.0,
                        "skuId": null,
                        "ruleType": "0",
                        "endTimeStr": null,
                        "businessRuleId": 2698,
                        "amountTypeCode": "0",
                        "obtainIntegral": null,
                        "num": 23,
                        "unitPrice": -1380.0,
                        "discountType": "2",
                        "skuDiscountRuleId": null,
                        "miniBuyNum": null,
                        "amountNm": "空气除菌凝胶满159减60",
                        "isNeedPayment": true,
                        "originalUnitPrice": null,
                        "remainStock": null,
                        "needPayment": true,
                        "installmentFee": false,
                        "limitBuy": null,
                        "isSpecialPrice": false,
                        "originalStock": null,
                        "endTime": null,
                        "currency": "CNY",
                        "startTime": null
                    }
                ],
                "obtainTotalIntegral": 4336.0,
                "deliveryRuleFrontEndVoList": null,
                "cartType": "normal",
                "userCoupons": [],
                "isSelectAll": true,
                "presentQuantity": 0,
                "useTotalIntegral": 0.0,
                "useUnitIntegral": 0.0,
                "totalDiscountAmount": 1415.88,
                "selfPickUpAddress": "石家庄以岭药业电商库房（0311-87223247）"
            },
            {
                "shopInfId": 13,
                "productTotalAmount": 648.0,
                "freightAmount": 0.0,
                "orderTotalAmount": 648.0,
                "orgId": 14,
                "cod": false,
                "items": [
                    {
                        "productId": 72671,
                        "marketPrice": 129.6,
                        "productTotalAmount": 648.0,
                        "skuId": 112190,
                        "quantity": 6,
                        "productUnitPrice": 108.0,
                        "obtainIntegral": 648.0,
                        "isPresent": false,
                        "promotionType": "0",
                        "isGroupBuy": false,
                        "itemSelected": true,
                        "itemKey": "49136ad6-b244-48e7-89de-71467a1a96e6",
                        "image": "https://img.yilingshop.com/upload/14/2020/7/3/10010351-3a2d-4930-a03b-2f46bd678ac4_120X120.jpg",
                        "presents": [
                            {
                                "productId": 72844,
                                "marketPrice": 45.0,
                                "productTotalAmount": 0.0,
                                "skuId": 112366,
                                "quantity": 6,
                                "productUnitPrice": 0.0,
                                "obtainIntegral": 0.0,
                                "isPresent": true,
                                "promotionType": "5",
                                "isGroupBuy": false,
                                "itemSelected": true,
                                "itemKey": "05bb16b5-951f-4b70-a687-cd5473f3b800",
                                "image": "https://img.yilingshop.com/upload/14/2020/7/3/810b0c2b-850e-48ee-8316-223e7be68a42_120X120.jpg",
                                "presents": [],
                                "supportDelivery": true,
                                "totalCostAmount": 0.0,
                                "combos": [],
                                "unitCostAmount": 0.0,
                                "isRedemption": false,
                                "isIntegral": false,
                                "useTotalIntegral": 0.0,
                                "useUnitIntegral": 0.0,
                                "specName": "",
                                "name": "以岭酸枣仁油软胶囊12粒 以岭晚必安 新旧包装随机发货"
                            }
                        ],
                        "supportDelivery": true,
                        "totalCostAmount": 0.0,
                        "combos": [],
                        "unitCostAmount": 0.0,
                        "isRedemption": false,
                        "isIntegral": false,
                        "useTotalIntegral": 0.0,
                        "useUnitIntegral": 0.0,
                        "specName": "",
                        "name": "以岭酸枣仁油软胶囊36粒   以岭晚必安 新旧包装随机发货"
                    }
                ],
                "deliveryRuleId": null,
                "shopNm": "以岭药堂旗舰店",
                "selectedCartItemNum": 6,
                "discountDetails": [
                    {
                        "couponId": null,
                        "totalAmount": 0.0,
                        "skuId": null,
                        "ruleType": "3",
                        "endTimeStr": null,
                        "businessRuleId": 2538,
                        "amountTypeCode": "0",
                        "obtainIntegral": null,
                        "num": 6,
                        "unitPrice": 0.0,
                        "discountType": null,
                        "skuDiscountRuleId": null,
                        "miniBuyNum": null,
                        "amountNm": "单品包邮",
                        "isNeedPayment": true,
                        "originalUnitPrice": null,
                        "remainStock": null,
                        "needPayment": true,
                        "installmentFee": false,
                        "limitBuy": null,
                        "isSpecialPrice": false,
                        "originalStock": null,
                        "endTime": null,
                        "currency": "CNY",
                        "startTime": null
                    }
                ],
                "obtainTotalIntegral": 648.0,
                "deliveryRuleFrontEndVoList": null,
                "cartType": "normal",
                "userCoupons": [],
                "isSelectAll": true,
                "presentQuantity": 0,
                "useTotalIntegral": 0.0,
                "useUnitIntegral": 0.0,
                "totalDiscountAmount": 0.0,
                "selfPickUpAddress": "石家庄以岭药业电商库房（0311-87223247）"
            }
        ]
    },
    "success": true,
    "ctx": "",
    "share_current_request_time": 1631169944095
}