{
    "data": {
        "banner":{
            "list": [
                {
                    "title": "情暖中国年",
                    "targetObjectId": null,
                    "actionType": "3",
                    "appModuleId": 39,
                    "appModuleObjectId": 4099,
                    "openUrl": "userPage/4730/",
                    "picUrl": "https://img.yilingshop.com/upload/1/2021/1/28/f0583074-b99a-404f-83aa-3dc4f17336ce.jpg",
                    "productLapp": null
                },
                {
                    "title": "爆珠",
                    "targetObjectId": null,
                    "actionType": "3",
                    "appModuleId": 39,
                    "appModuleObjectId": 4100,
                    "openUrl": "/pages/list/index?keyword=爆珠",
                    "picUrl": "https://img.yilingshop.com/upload/1/2020/11/27/9de47188-2368-45eb-8098-4f64255cd23d.jpg",
                    "productLapp": null
                },
                {
                    "title": "凝胶",
                    "targetObjectId": null,
                    "actionType": "3",
                    "appModuleId": 39,
                    "appModuleObjectId": 4101,
                    "openUrl": "/pages/list/index?keyword=凝胶",
                    "picUrl": "https://img.yilingshop.com/upload/1/2021/7/21/9bde72b4-a0ba-4016-a75b-bf9982cd1d1f.jpg",
                    "productLapp": null
                },
                {
                    "title": "络参酒",
                    "targetObjectId": null,
                    "actionType": "3",
                    "appModuleId": 39,
                    "appModuleObjectId": 4102,
                    "openUrl": "/pages/list/index?keyword=络参酒",
                    "picUrl": "https://img.yilingshop.com/upload/1/2021/7/21/e17503f3-6f81-47c0-860a-92e0a42a3c1c.jpg",
                    "productLapp": null
                },
                {
                    "title": "七夕",
                    "targetObjectId": null,
                    "actionType": "3",
                    "appModuleId": 39,
                    "appModuleObjectId": 4103,
                    "openUrl": "/userPage/4788/",
                    "picUrl": "https://img.yilingshop.com/upload/1/2021/8/9/a1bdf4c9-6966-446d-877b-81d32a0a14b6.jpg",
                    "productLapp": null
                }
            ]
        },
        "recommend": {
            "list": [
                {
                    "title": "健康防护",
                    "targetObjectId": null,
                    "actionType": "3",
                    "appModuleId": 79,
                    "appModuleObjectId": 4024,
                    "openUrl": "/pages/list/index?keyword=口罩",
                    "picUrl": "https://img.yilingshop.com/upload/1/2019/1/5/f2ebdce5-c3e9-4a62-ab81-8c24b63c1f2d.png",
                    "productLapp": null
                },
                {
                    "title": "以岭爆珠",
                    "targetObjectId": null,
                    "actionType": "3",
                    "appModuleId": 81,
                    "appModuleObjectId": 4025,
                    "openUrl": "/pages/list/index?keyword=爆珠",
                    "picUrl": "https://img.yilingshop.com/upload/1/2019/1/5/aa789227-93d5-4393-9194-76650a4ee105.png",
                    "productLapp": null
                },
                {
                    "title": "健康生活",
                    "targetObjectId": null,
                    "actionType": "3",
                    "appModuleId": 83,
                    "appModuleObjectId": 3796,
                    "openUrl": "/pages/list/index?categoryId=80891",
                    "picUrl": "https://img.yilingshop.com/upload/1/2019/2/19/b043c165-7693-4c2b-a839-c76823b3796a.jpg",
                    "productLapp": null
                },
                {
                    "title": "连花清瘟",
                    "targetObjectId": null,
                    "actionType": "3",
                    "appModuleId": 85,
                    "appModuleObjectId": 3797,
                    "openUrl": "/pages/list/index?keyword=连花清瘟",
                    "picUrl": "https://img.yilingshop.com/upload/1/2019/2/19/ca74af82-5ff4-4a7c-b013-2cb768039b52.jpg",
                    "productLapp": null
                },
                {
                    "title": "健康食材",
                    "targetObjectId": null,
                    "actionType": "3",
                    "appModuleId": 87,
                    "appModuleObjectId": 3798,
                    "openUrl": "/pages/list/index?categoryId=80877",
                    "picUrl": "https://img.yilingshop.com/upload/1/2019/2/19/267030a6-6222-4a02-ab55-122ce0226639.jpg",
                    "productLapp": null
                }
            ]
        },
        "list": {
            "listItem": [
                {
                    "title": "包邮】以岭 连花 车载健康 防护组合",
                    "targetObjectId": 75100,
                    "actionType": "1",
                    "appModuleId": 149,
                    "appModuleObjectId": 4028,
                    "openUrl": null,
                    "picUrl": null,
                    "productLapp": {
                        "productId": 75100,
                        "productNm": "包邮】以岭 连花 车载健康 防护组合 连花防护",
                        "marketPrice": 199.0,
                        "price": {
                            "couponId": null,
                            "totalAmount": 198.0,
                            "skuId": null,
                            "ruleType": null,
                            "endTimeStr": null,
                            "amountTypeCode": null,
                            "businessRuleId": null,
                            "obtainIntegral": 198.0,
                            "num": 1,
                            "unitPrice": 198.0,
                            "discountType": null,
                            "skuDiscountRuleId": null,
                            "miniBuyNum": 1,
                            "amountNm": "销售价",
                            "isNeedPayment": true,
                            "remainStock": 47,
                            "originalUnitPrice": 198.0,
                            "needPayment": true,
                            "installmentFee": false,
                            "limitBuy": -1,
                            "isSpecialPrice": false,
                            "originalStock": null,
                            "currency": "CNY",
                            "startTime": null,
                            "endTime": null
                        },
                        "salesVolume": 3,
                        "unitPrice": 198.0,
                        "image": "https://img.yilingshop.com/upload/15/2021/3/12/19529b45-3945-4c82-9554-fac1f8851f7a_320X320.jpg",
                        "sellingPoint": "内含：连花草本空气除菌凝胶100g*1，以岭 连花清肤卫生10片装*5，连花清瘟强力爆珠凝胶糖果0.016克*100粒*1，连花清体抑菌喷雾50ml*1，连花清咽抑菌喷剂25ml*1，连花免洗抑菌洗手液50ml*1"
                    }
                },
                {
                    "title": "包邮】以岭 连花防护商务出行防护组合 （优选）  连花防护组合",
                    "targetObjectId": 75102,
                    "actionType": "1",
                    "appModuleId": 149,
                    "appModuleObjectId": 4029,
                    "openUrl": null,
                    "picUrl": null,
                    "productLapp": {
                        "productId": 75102,
                        "productNm": "包邮】以岭 连花防护商务出行防护组合 （优选）  连花防护组合",
                        "marketPrice": 109.0,
                        "price": {
                            "couponId": null,
                            "totalAmount": 99.0,
                            "skuId": null,
                            "ruleType": null,
                            "endTimeStr": null,
                            "amountTypeCode": null,
                            "businessRuleId": null,
                            "obtainIntegral": 99.0,
                            "num": 1,
                            "unitPrice": 99.0,
                            "discountType": null,
                            "skuDiscountRuleId": null,
                            "miniBuyNum": 1,
                            "amountNm": "销售价",
                            "isNeedPayment": true,
                            "remainStock": 45,
                            "originalUnitPrice": 99.0,
                            "needPayment": true,
                            "installmentFee": false,
                            "limitBuy": -1,
                            "isSpecialPrice": false,
                            "originalStock": null,
                            "currency": "CNY",
                            "startTime": null,
                            "endTime": null
                        },
                        "salesVolume": 8,
                        "unitPrice": 99.0,
                        "image": "https://img.yilingshop.com/upload/15/2021/3/12/a97b137d-4a29-4d43-9578-048d13594d1e_320X320.jpg",
                        "sellingPoint": "内含：以岭连花免洗抑菌洗手液50ml （1支 ） 以岭连花一次性使用医用口罩（非无菌）50片装（1盒） 以岭连花清瘟强力爆珠100粒装（1盒）以岭连花清肤卫生湿巾10片装（1包） 以岭连花清咽喷剂25ml（1盒）"
                    }
                },
                {
                    "title": "以岭 健康品质组合 以岭特级初榨橄榄油礼盒装+以岭五常大米稻花香米5KG盒装 橄榄油 大米 健康油 品质生活",
                    "targetObjectId": 75093,
                    "actionType": "1",
                    "appModuleId": 149,
                    "appModuleObjectId": 4030,
                    "openUrl": null,
                    "picUrl": null,
                    "productLapp": {
                        "productId": 75093,
                        "productNm": "以岭 健康品质组合 以岭特级初榨橄榄油礼盒装+以岭五常大米稻花香米5KG盒装 橄榄油 大米 健康油 品质生活",
                        "marketPrice": 299.0,
                        "price": {
                            "couponId": null,
                            "totalAmount": 249.0,
                            "skuId": null,
                            "ruleType": null,
                            "endTimeStr": null,
                            "amountTypeCode": null,
                            "businessRuleId": null,
                            "obtainIntegral": 249.0,
                            "num": 1,
                            "unitPrice": 249.0,
                            "discountType": null,
                            "skuDiscountRuleId": null,
                            "miniBuyNum": 1,
                            "amountNm": "销售价",
                            "isNeedPayment": true,
                            "remainStock": 12,
                            "originalUnitPrice": 249.0,
                            "needPayment": true,
                            "installmentFee": false,
                            "limitBuy": -1,
                            "isSpecialPrice": false,
                            "originalStock": null,
                            "currency": "CNY",
                            "startTime": null,
                            "endTime": null
                        },
                        "salesVolume": 14,
                        "unitPrice": 249.0,
                        "image": "https://img.yilingshop.com/upload/15/2020/12/31/624fd3ac-69a5-4477-889a-36e712f12d86_320X320.jpg",
                        "sellingPoint": "以岭特级初榨橄榄油500ml*2两瓶礼盒装+以岭五常大米稻花香米5KG盒装 "
                    }
                },
                {
                    "title": "福利大礼包】内含：以岭压榨花生 油 5L 以岭五常大米稻花香米5KG 府麟香油230ML*4礼盒装 大米新旧包装随机发货",
                    "targetObjectId": 75160,
                    "actionType": "1",
                    "appModuleId": 149,
                    "appModuleObjectId": 4031,
                    "openUrl": null,
                    "picUrl": null,
                    "productLapp": {
                        "productId": 75160,
                        "productNm": "福利大礼包】内含：以岭压榨花生 油 5L 以岭五常大米稻花香米5KG 府麟香油230ML*4礼盒装 大米新旧包装随机发货",
                        "marketPrice": 319.0,
                        "price": {
                            "couponId": null,
                            "totalAmount": 299.0,
                            "skuId": null,
                            "ruleType": null,
                            "endTimeStr": "2021-12-31 00:00:00",
                            "amountTypeCode": null,
                            "businessRuleId": null,
                            "obtainIntegral": 299.0,
                            "num": 1,
                            "unitPrice": 299.0,
                            "discountType": "1",
                            "skuDiscountRuleId": 16581,
                            "miniBuyNum": null,
                            "amountNm": "特价",
                            "isNeedPayment": true,
                            "remainStock": 10,
                            "originalUnitPrice": 299.0,
                            "needPayment": true,
                            "installmentFee": false,
                            "limitBuy": -1,
                            "isSpecialPrice": true,
                            "originalStock": 0,
                            "currency": "CNY",
                            "startTime": 1615910400000,
                            "endTime": 1640880000000
                        },
                        "salesVolume": 1,
                        "unitPrice": 299.0,
                        "image": "https://img.yilingshop.com/upload/15/2021/3/17/91ee0346-561e-43f0-8af7-53d800376c8c_320X320.jpg",
                        "sellingPoint": ""
                    }
                },
                {
                    "title": "连花呵护全家健康组合】以岭清齿牙膏*1+益加牙膏*1+连花泡沫抑菌洗手液300ml*1+连花抑菌护手霜45g*1",
                    "targetObjectId": 75204,
                    "actionType": "1",
                    "appModuleId": 149,
                    "appModuleObjectId": 4032,
                    "openUrl": null,
                    "picUrl": null,
                    "productLapp": {
                        "productId": 75204,
                        "productNm": "连花呵护全家健康组合】以岭清齿牙膏*1+益加牙膏*1+连花泡沫抑菌洗手液300ml*1+连花抑菌护手霜45g*1 防护",
                        "marketPrice": 128.0,
                        "price": {
                            "couponId": null,
                            "totalAmount": 73.8,
                            "skuId": null,
                            "ruleType": null,
                            "endTimeStr": null,
                            "amountTypeCode": null,
                            "businessRuleId": null,
                            "obtainIntegral": 73.8,
                            "num": 1,
                            "unitPrice": 73.8,
                            "discountType": null,
                            "skuDiscountRuleId": null,
                            "miniBuyNum": 1,
                            "amountNm": "销售价",
                            "isNeedPayment": true,
                            "remainStock": 71,
                            "originalUnitPrice": 73.8,
                            "needPayment": true,
                            "installmentFee": false,
                            "limitBuy": -1,
                            "isSpecialPrice": false,
                            "originalStock": null,
                            "currency": "CNY",
                            "startTime": null,
                            "endTime": null
                        },
                        "salesVolume": 4,
                        "unitPrice": 73.8,
                        "image": "https://img.yilingshop.com/upload/15/2021/3/31/0f716364-14f0-4168-82b7-5f40945ec7e1_320X320.jpg",
                        "sellingPoint": ""
                    }
                },
                {
                    "title": "组合】连花草本空气除菌凝胶100g*1+摩飞便携吸尘器MR3936白色*1 组合装 品质生活",
                    "targetObjectId": 75174,
                    "actionType": "1",
                    "appModuleId": 149,
                    "appModuleObjectId": 4033,
                    "openUrl": null,
                    "picUrl": null,
                    "productLapp": {
                        "productId": 75174,
                        "productNm": "组合】连花草本空气除菌凝胶100g*1+摩飞便携吸尘器MR3936白色*1 组合装 品质生活 连花凝胶",
                        "marketPrice": 497.0,
                        "price": {
                            "couponId": null,
                            "totalAmount": 438.0,
                            "skuId": null,
                            "ruleType": null,
                            "endTimeStr": null,
                            "amountTypeCode": null,
                            "businessRuleId": null,
                            "obtainIntegral": 438.0,
                            "num": 1,
                            "unitPrice": 438.0,
                            "discountType": null,
                            "skuDiscountRuleId": null,
                            "miniBuyNum": 1,
                            "amountNm": "销售价",
                            "isNeedPayment": true,
                            "remainStock": 48,
                            "originalUnitPrice": 438.0,
                            "needPayment": true,
                            "installmentFee": false,
                            "limitBuy": -1,
                            "isSpecialPrice": false,
                            "originalStock": null,
                            "currency": "CNY",
                            "startTime": null,
                            "endTime": null
                        },
                        "salesVolume": 1,
                        "unitPrice": 438.0,
                        "image": "https://img.yilingshop.com/upload/15/2021/3/26/66dcd49f-15f2-4c03-93e7-d1d87d5e7678_320X320.jpg",
                        "sellingPoint": ""
                    }
                },
                {
                    "title": "送礼组合】小熊煮茶器ZCQ-A10Q1+以岭 连王古茶代用茶（PET罐）50g 品质生活 茶叶",
                    "targetObjectId": 75216,
                    "actionType": "1",
                    "appModuleId": 149,
                    "appModuleObjectId": 4034,
                    "openUrl": null,
                    "picUrl": null,
                    "productLapp": {
                        "productId": 75216,
                        "productNm": "送礼组合】小熊煮茶器ZCQ-A10Q1+以岭 连王古茶代用茶（PET罐）50g 品质生活 茶叶",
                        "marketPrice": 227.0,
                        "price": {
                            "couponId": null,
                            "totalAmount": 169.0,
                            "skuId": null,
                            "ruleType": null,
                            "endTimeStr": null,
                            "amountTypeCode": null,
                            "businessRuleId": null,
                            "obtainIntegral": 169.0,
                            "num": 1,
                            "unitPrice": 169.0,
                            "discountType": null,
                            "skuDiscountRuleId": null,
                            "miniBuyNum": 1,
                            "amountNm": "销售价",
                            "isNeedPayment": true,
                            "remainStock": 7,
                            "originalUnitPrice": 169.0,
                            "needPayment": true,
                            "installmentFee": false,
                            "limitBuy": -1,
                            "isSpecialPrice": false,
                            "originalStock": null,
                            "currency": "CNY",
                            "startTime": null,
                            "endTime": null
                        },
                        "salesVolume": 4,
                        "unitPrice": 169.0,
                        "image": "https://img.yilingshop.com/upload/15/2021/4/15/ba200054-ca07-4644-bb2e-6245276b6484_320X320.jpg",
                        "sellingPoint": ""
                    }
                },
                {
                    "title": "营养早餐组合】以岭 土元鸡蛋绿皮珍珠棉 60枚/箱+以岭 葛根藜麦挂面120克*10袋 鸡蛋 面 挂面",
                    "targetObjectId": 75267,
                    "actionType": "1",
                    "appModuleId": 149,
                    "appModuleObjectId": 4035,
                    "openUrl": null,
                    "picUrl": null,
                    "productLapp": {
                        "productId": 75267,
                        "productNm": "营养早餐组合】以岭 土元鸡蛋绿皮珍珠棉 60枚/箱+以岭 葛根藜麦挂面120克*10袋 鸡蛋 面 挂面",
                        "marketPrice": 296.0,
                        "price": {
                            "couponId": null,
                            "totalAmount": 199.0,
                            "skuId": null,
                            "ruleType": null,
                            "endTimeStr": "2021-12-31 00:00:00",
                            "amountTypeCode": null,
                            "businessRuleId": null,
                            "obtainIntegral": 199.0,
                            "num": 1,
                            "unitPrice": 199.0,
                            "discountType": "1",
                            "skuDiscountRuleId": 16608,
                            "miniBuyNum": null,
                            "amountNm": "特价",
                            "isNeedPayment": true,
                            "remainStock": 41,
                            "originalUnitPrice": 199.0,
                            "needPayment": true,
                            "installmentFee": false,
                            "limitBuy": -1,
                            "isSpecialPrice": true,
                            "originalStock": 0,
                            "currency": "CNY",
                            "startTime": 1621958400000,
                            "endTime": 1640880000000
                        },
                        "salesVolume": 7,
                        "unitPrice": 199.0,
                        "image": "https://img.yilingshop.com/upload/15/2021/5/26/40c1facc-d067-4f45-9e9e-d37a6ea17a41_320X320.jpg",
                        "sellingPoint": "以岭土元鸡蛋绿皮珍珠棉 60枚（1箱）+以岭葛根藜麦挂面120克*10袋（1盒）"
                    }
                },
                {
                    "title": "超值组合】以岭 五常大米稻花香米5KG盒装+以岭压榨花生油5L+以岭葛根藜麦挂面120克*10袋 大米 健康油 面 挂面",
                    "targetObjectId": 75266,
                    "actionType": "1",
                    "appModuleId": 149,
                    "appModuleObjectId": 4036,
                    "openUrl": null,
                    "picUrl": null,
                    "productLapp": {
                        "productId": 75266,
                        "productNm": "超值组合】以岭 五常大米稻花香米5KG盒装+以岭压榨花生油5L+以岭葛根藜麦挂面120克*10袋 大米 健康油 面 挂面",
                        "marketPrice": 319.0,
                        "price": {
                            "couponId": null,
                            "totalAmount": 299.0,
                            "skuId": null,
                            "ruleType": null,
                            "endTimeStr": "2021-12-31 00:00:00",
                            "amountTypeCode": null,
                            "businessRuleId": null,
                            "obtainIntegral": 299.0,
                            "num": 1,
                            "unitPrice": 299.0,
                            "discountType": "1",
                            "skuDiscountRuleId": 16609,
                            "miniBuyNum": null,
                            "amountNm": "特价",
                            "isNeedPayment": true,
                            "remainStock": 20,
                            "originalUnitPrice": 299.0,
                            "needPayment": true,
                            "installmentFee": false,
                            "limitBuy": -1,
                            "isSpecialPrice": true,
                            "originalStock": 0,
                            "currency": "CNY",
                            "startTime": 1621958400000,
                            "endTime": 1640880000000
                        },
                        "salesVolume": 21,
                        "unitPrice": 299.0,
                        "image": "https://img.yilingshop.com/upload/15/2021/5/26/1caa3b18-c341-4fa0-af3c-26e7b4c482fe_320X320.jpg",
                        "sellingPoint": "内含：以岭五常大米稻花香米5KG盒装（1盒）+以岭压榨花生油5L（1桶）+以岭葛根藜麦挂面120克*10袋（1盒）"
                    }
                },
                {
                    "title": "唐友福利】以岭牌 津力旺 350毫升*12罐+以岭 津力旺唐平饼干 15克*20袋/盒 饼干 零食",
                    "targetObjectId": 75202,
                    "actionType": "1",
                    "appModuleId": 149,
                    "appModuleObjectId": 4037,
                    "openUrl": null,
                    "picUrl": null,
                    "productLapp": {
                        "productId": 75202,
                        "productNm": "唐友福利】以岭牌 津力旺 350毫升*12罐+以岭 津力旺唐平饼干 15克*20袋/盒 饼干 零食",
                        "marketPrice": 186.0,
                        "price": {
                            "couponId": null,
                            "totalAmount": 141.6,
                            "skuId": null,
                            "ruleType": null,
                            "endTimeStr": null,
                            "amountTypeCode": null,
                            "businessRuleId": null,
                            "obtainIntegral": 141.6,
                            "num": 1,
                            "unitPrice": 141.6,
                            "discountType": null,
                            "skuDiscountRuleId": null,
                            "miniBuyNum": 1,
                            "amountNm": "销售价",
                            "isNeedPayment": true,
                            "remainStock": 9,
                            "originalUnitPrice": 141.6,
                            "needPayment": true,
                            "installmentFee": false,
                            "limitBuy": -1,
                            "isSpecialPrice": false,
                            "originalStock": null,
                            "currency": "CNY",
                            "startTime": null,
                            "endTime": null
                        },
                        "salesVolume": 8,
                        "unitPrice": 141.6,
                        "image": "https://img.yilingshop.com/upload/15/2021/4/2/512e3a9d-ac36-4715-b99d-8f8398beab91_320X320.jpg",
                        "sellingPoint": ""
                    }
                }
            ]
        },
        "advertBanner": [
            {
                "innerCode": "xcx_banner_advertisement2",
                "appModuleId": 101,
                "moduleObjects": {
                    "title": "口罩",
                    "targetObjectId": null,
                    "actionType": "3",
                    "appModuleId": 101,
                    "appModuleObjectId": 3778,
                    "openUrl": "/pages/list/index?keyword=口罩",
                    "picUrl": "https://img.yilingshop.com/upload/1/2020/6/23/2ae296bd-8cb7-41a1-95ea-4900a3b33cc5.jpg",
                    "productLapp": null
                },
                "moduleTypeCode": "0"
            },
            {
                "innerCode": "xcx_banner_advertisement3",
                "appModuleId": 103,
                "moduleObjects": {
                    "title": "连花洗护系列",
                    "targetObjectId": null,
                    "actionType": "3",
                    "appModuleId": 103,
                    "appModuleObjectId": 3779,
                    "openUrl": "/pages/list/index?keyword=洗护",
                    "picUrl": "https://img.yilingshop.com/upload/1/2020/6/23/c1e3b0e3-1c9b-4224-a7a8-346aeeda59ae.jpg",
                    "productLapp": null
                },
                "moduleTypeCode": "0"
            }
        ]
        
    },
    "ctx": "",
    "share_current_request_time": 1628475372453
}