{
    "result": {
        "shopInfId": 14,
        "shopType": null,
        "isZoneLimit": false,
        "sellingPoint": "",
        "blueHatSign": "N",
        "availableBusinessRuleList": [
            {
                "ruleTypeCode": "5",
                "approveDateString": "2020-08-03",
                "approveDate": 1596384000000,
                "sysCreateTimeString": "2015-02-27",
                "isDelete": "N",
                "sysOrgId": 15,
                "isApprove": "Y",
                "businessRuleId": 407,
                "descr": "",
                "businessRuleNm": "以岭健康商城店铺全场满199元包邮 偏远地区除外",
                "createUserId": 51411,
                "isExcludeCombinedProduct": "N",
                "isExcludeGroupBuy": "N",
                "isExcludePanicBuy": "N",
                "isOnlyShopUserJoin": "N",
                "approveUserId": 50054,
                "createTime": 1424966400000,
                "createTimeString": "2015-02-27"
            },
            {
                "ruleTypeCode": "3",
                "approveDateString": "2020-12-29",
                "approveDate": 1609171200000,
                "sysCreateTimeString": "2020-12-29",
                "isDelete": "N",
                "sysOrgId": 15,
                "isApprove": "Y",
                "businessRuleId": 2651,
                "descr": "爆珠2盒装单品包邮",
                "businessRuleNm": "爆珠2盒装单品包邮",
                "createUserId": 50054,
                "isExcludeCombinedProduct": "N",
                "isExcludeGroupBuy": "N",
                "isExcludePanicBuy": "N",
                "isOnlyShopUserJoin": "N",
                "approveUserId": 50054,
                "createTime": 1609171200000,
                "createTimeString": "2020-12-29"
            },
            {
                "ruleTypeCode": "0",
                "approveDateString": "2020-12-29",
                "approveDate": 1609171200000,
                "sysCreateTimeString": "2020-12-29",
                "isDelete": "N",
                "sysOrgId": 15,
                "isApprove": "Y",
                "businessRuleId": 2652,
                "descr": "爆珠2盒下单享8折",
                "businessRuleNm": "爆珠2盒下单享8折",
                "createUserId": 50054,
                "isExcludeCombinedProduct": "N",
                "isExcludeGroupBuy": "N",
                "isExcludePanicBuy": "N",
                "isOnlyShopUserJoin": "N",
                "approveUserId": 50054,
                "createTime": 1609171200000,
                "createTimeString": "2020-12-29"
            }
        ],
        "supportZoneTree": {
            "hasChildren": false,
            "checked": false,
            "parentId": 0,
            "icon": null,
            "object": null,
            "name": null,
            "parent": null,
            "id": 0,
            "children": [],
            "objectId": null
        },
        "imageList": [
            "https://img.yilingshop.com/upload/15/2021/7/6/3cbc3646-7ddb-4f22-8d0f-9dfeb431acc4_600X600.jpg",
            "https://img.yilingshop.com/upload/15/2021/7/6/8ca51125-378c-4942-82a0-f22ca7909363_600X600.jpg",
            "https://img.yilingshop.com/upload/15/2021/7/6/3cc0093a-e1f7-4b7b-9809-b5bcc28d4987_600X600.jpg",
            "https://img.yilingshop.com/upload/15/2021/1/27/fe59a3fb-6fd3-4c56-930e-c0d4d6e3e712_600X600.jpg",
            "https://img.yilingshop.com/upload/15/2021/1/27/53283062-b776-4e51-91fd-8568b10f5984_600X600.jpg",
            "https://img.yilingshop.com/upload/15/2021/8/14/7e47a7e9-c22a-4187-92c3-67afe2b2120c_600X600.png",
            "https://img.yilingshop.com/upload/15/2021/7/6/9db32993-0ad9-40d6-a56b-d681ec0cf788_600X600.jpg"
        ],
        "normalCommentTotalCount": 0,
        "badCommentTotalCount": 1,
        "isMultiSpecEnabled": "N",
        "isCollected": "Y",
        "commentTotalCount": 11,
        "appSpecVoList": null,
        "companyQq": null,
        "availableCouponList": [],
        "goodCommentTotalCount": 10,
        "appSkuVos": [
            {
                "skuId": 114698,
                "price": {
                    "needPayment": true,
                    "installmentFee": false,
                    "limitBuy": -1,
                    "isSpecialPrice": false,
                    "originalStock": null,
                    "couponId": null,
                    "totalAmount": 38.8,
                    "skuId": null,
                    "ruleType": null,
                    "endTimeStr": null,
                    "amountTypeCode": null,
                    "businessRuleId": null,
                    "obtainIntegral": 38.8,
                    "num": 1,
                    "unitPrice": 38.8,
                    "discountType": null,
                    "skuDiscountRuleId": null,
                    "miniBuyNum": 1,
                    "amountNm": "银卡会员价",
                    "isNeedPayment": true,
                    "remainStock": 368,
                    "originalUnitPrice": 38.8,
                    "endTime": null,
                    "currency": "CNY",
                    "startTime": null
                },
                "unitPrice": 38.8,
                "specValueIds": null,
                "stock": 368
            }
        ],
        "goodRate": 91.0,
        "shop": {
            "shopInfId": 14,
            "shopNm": "以岭健康科技有限公司",
            "csadInf": null,
            "sellerSendOutSpeed": 4.9881,
            "productDescrSame": 4.9886,
            "sellerServiceAttitude": 4.9888,
            "shopLogo": null
        },
        "description": "<p>\n\t<img alt=\"\" src=\"https://img.yilingshop.com/upload/15/2021/8/14/69988000-1ac6-423e-865d-4dd54d316082.jpg\" /><img alt=\"\" src=\"https://img.yilingshop.com/upload/15/2021/8/14/4f0fe996-f1de-4fd9-b659-bcb0198cf183.jpg\" /><img alt=\"\" src=\"https://img.yilingshop.com/upload/15/2021/8/14/07a569e6-b92d-46b4-a4ca-5c73a56ce75c.jpg\" /><img alt=\"\" src=\"https://img.yilingshop.com/upload/15/2021/8/14/b607bfbe-d64c-4b3b-88b8-333a4f2444fc.jpg\" /><img alt=\"\" src=\"https://img.yilingshop.com/upload/15/2021/8/14/a0f65706-ed02-4760-bc1c-aa0541873e3a.jpg\" /><img alt=\"\" src=\"https://img.yilingshop.com/upload/15/2021/8/14/2e2bb5d0-2171-4b93-9bd1-7a9daec1ae22.jpg\" /><img alt=\"\" src=\"https://img.yilingshop.com/upload/15/2021/8/14/49abf57f-c1fe-4235-9f4c-5389fb801e04.jpg\" /><img alt=\"\" src=\"https://img.yilingshop.com/upload/15/2021/8/14/8e9181b9-ebbe-4f15-99d9-8ca8e338be6a.jpg\" /></p>\n",
        "productId": 75090,
        "productNm": "下单享8折 单品包邮 】以岭 连花清瘟 口罩爆珠1.6g*100粒 2盒装 ",
        "marketPrice": 39.8,
        "price": {
            "totalAmount": 38.8,
            "obtainIntegral": 38.8,
            "unitPrice": 38.8,
            "amountNm": "银卡会员价",
            "isNeedPayment": true,
            "remainStock": 368,
            "originalUnitPrice": 38.8
        },
        "salesVolume": 312,
        "unitPrice": 38.8,
        "image": "https://img.yilingshop.com/upload/15/2021/7/6/3cbc3646-7ddb-4f22-8d0f-9dfeb431acc4_320X320.jpg",
        "realVolume": 119,
        "productRxFlag": null,
        "promotionList": [
            {
                "color": "#e9a438",
                "name": "免邮",
                "type": "my"
            },
            {
                "color": "#68c5f0",
                "name": "折扣",
                "type": "zk"
            }
        ],
        "imagetext": [
            "https://img.yilingshop.com/upload/15/2021/8/14/69988000-1ac6-423e-865d-4dd54d316082.jpg",
            "https://img.yilingshop.com/upload/15/2021/8/14/4f0fe996-f1de-4fd9-b659-bcb0198cf183.jpg",
            "https://img.yilingshop.com/upload/15/2021/8/14/07a569e6-b92d-46b4-a4ca-5c73a56ce75c.jpg",
            "https://img.yilingshop.com/upload/15/2021/8/14/b607bfbe-d64c-4b3b-88b8-333a4f2444fc.jpg",
            "https://img.yilingshop.com/upload/15/2021/8/14/a0f65706-ed02-4760-bc1c-aa0541873e3a.jpg",
            "https://img.yilingshop.com/upload/15/2021/8/14/2e2bb5d0-2171-4b93-9bd1-7a9daec1ae22.jpg",
            "https://img.yilingshop.com/upload/15/2021/8/14/49abf57f-c1fe-4235-9f4c-5389fb801e04.jpg",
            "https://img.yilingshop.com/upload/15/2021/8/14/8e9181b9-ebbe-4f15-99d9-8ca8e338be6a.jpg"
        ]
    },
    "ctx": "",
    "share_current_request_time": 1630459314753
}